{
    "loss": -0.9401595744680851,
    "space": [
        0.024919442529234215,
        0.5,
        0.9,
        0.0001
    ],
    "status": "ok"
}